Datetime,Water Level (m)
2026-02-14 06:00:00,0.5977738
2026-02-14 07:00:00,0.56232333
2026-02-14 08:00:00,0.30673242
2026-02-14 09:00:00,-0.1283401
2026-02-14 10:00:00,-0.64023274
2026-02-14 11:00:00,-1.1321586
2026-02-14 12:00:00,-1.4132842
2026-02-14 13:00:00,-1.6000857
2026-02-14 14:00:00,-1.5993624
2026-02-14 15:00:00,-0.8035719
2026-02-14 16:00:00,0.08940465
2026-02-14 17:00:00,1.0829374
2026-02-14 18:00:00,1.4634702
2026-02-14 19:00:00,1.399853
2026-02-14 20:00:00,1.0460967
2026-02-14 21:00:00,0.38070744
2026-02-14 22:00:00,-0.27290872
2026-02-14 23:00:00,-0.82010156
2026-02-15 00:00:00,-1.2379961
2026-02-15 01:00:00,-1.4843104
2026-02-15 02:00:00,-1.6865966
2026-02-15 03:00:00,-1.7028273
2026-02-15 04:00:00,-0.9089651
2026-02-15 05:00:00,-0.064364985
2026-02-15 06:00:00,0.85839224
2026-02-15 07:00:00,1.1640322
2026-02-15 08:00:00,0.8963281
2026-02-15 09:00:00,0.3837461
2026-02-15 10:00:00,-0.2523188
2026-02-15 11:00:00,-0.8521892
2026-02-15 12:00:00,-1.3291558
2026-02-15 13:00:00,-1.5606297
2026-02-15 14:00:00,-1.7543222
2026-02-15 15:00:00,-1.5118178
2026-02-15 16:00:00,-0.49738726
2026-02-15 17:00:00,0.5239517
2026-02-15 18:00:00,1.5839459
2026-02-15 19:00:00,1.7605579
2026-02-15 20:00:00,1.5553335
2026-02-15 21:00:00,0.93946666
2026-02-15 22:00:00,0.16053104
2026-02-15 23:00:00,-0.49494207
2026-02-16 00:00:00,-1.045229
2026-02-16 01:00:00,-1.3872805
2026-02-16 02:00:00,-1.6258167
2026-02-16 03:00:00,-1.8176527
2026-02-16 04:00:00,-1.3506669
2026-02-16 05:00:00,-0.3564714
2026-02-16 06:00:00,0.61400133
2026-02-16 07:00:00,1.3985434
2026-02-16 08:00:00,1.2882597
2026-02-16 09:00:00,0.8484078
2026-02-16 10:00:00,0.16801918
2026-02-16 11:00:00,-0.4957423
2026-02-16 12:00:00,-1.091125
2026-02-16 13:00:00,-1.4412097
2026-02-16 14:00:00,-1.6797817
2026-02-16 15:00:00,-1.8582935
2026-02-16 16:00:00,-1.1591824
2026-02-16 17:00:00,-0.01336268
2026-02-16 18:00:00,1.2172126
2026-02-16 19:00:00,1.9498211
2026-02-16 20:00:00,1.8699214
2026-02-16 21:00:00,1.4185498
2026-02-16 22:00:00,0.59227127
2026-02-16 23:00:00,-0.16380955
2026-02-17 00:00:00,-0.7851061
2026-02-17 01:00:00,-1.2509961
2026-02-17 02:00:00,-1.5193083
2026-02-17 03:00:00,-1.7497368
2026-02-17 04:00:00,-1.8576173
2026-02-17 05:00:00,-0.8441113
2026-02-17 06:00:00,0.23368584
2026-02-17 07:00:00,1.3783176
2026-02-17 08:00:00,1.6578845
2026-02-17 09:00:00,1.3140851
2026-02-17 10:00:00,0.655475
2026-02-17 11:00:00,-0.09306084
2026-02-17 12:00:00,-0.7441025
2026-02-17 13:00:00,-1.2643527
2026-02-17 14:00:00,-1.5293697
2026-02-17 15:00:00,-1.7595556
2026-02-17 16:00:00,-1.7942775
2026-02-17 17:00:00,-0.6450764
2026-02-17 18:00:00,0.5778331
2026-02-17 19:00:00,1.9045372
2026-02-17 20:00:00,2.1328444
2026-02-17 21:00:00,1.8809637
2026-02-17 22:00:00,1.1344029
2026-02-17 23:00:00,0.25707078
2026-02-18 00:00:00,-0.43871406
2026-02-18 01:00:00,-1.0145111
2026-02-18 02:00:00,-1.3671411
2026-02-18 03:00:00,-1.614688
2026-02-18 04:00:00,-1.8233908
2026-02-18 05:00:00,-1.2643502
2026-02-18 06:00:00,-0.111119874
2026-02-18 07:00:00,1.0917886
2026-02-18 08:00:00,1.8797861
2026-02-18 09:00:00,1.7447777
2026-02-18 10:00:00,1.2102365
2026-02-18 11:00:00,0.3766349
2026-02-18 12:00:00,-0.34918073
2026-02-18 13:00:00,-0.96529424
2026-02-18 14:00:00,-1.3485588
2026-02-18 15:00:00,-1.5991074
2026-02-18 16:00:00,-1.8056296
2026-02-18 17:00:00,-1.2203178
2026-02-18 18:00:00,0.028874218
2026-02-18 19:00:00,1.3831302
2026-02-18 20:00:00,2.241777
2026-02-18 21:00:00,2.1556246
2026-02-18 22:00:00,1.6420566
2026-02-18 23:00:00,0.70613676
2026-02-19 00:00:00,-0.09131904
2026-02-19 01:00:00,-0.7330476
2026-02-19 02:00:00,-1.2129017
2026-02-19 03:00:00,-1.4814459
2026-02-19 04:00:00,-1.7135922
2026-02-19 05:00:00,-1.835132
2026-02-19 06:00:00,-0.70957243
2026-02-19 07:00:00,0.50459427
2026-02-19 08:00:00,1.7818129
2026-02-19 09:00:00,2.0003166
2026-02-19 10:00:00,1.6738936
2026-02-19 11:00:00,0.9026146
2026-02-19 12:00:00,0.07247348
2026-02-19 13:00:00,-0.60049707
2026-02-19 14:00:00,-1.1489258
2026-02-19 15:00:00,-1.4364295
2026-02-19 16:00:00,-1.6699326
2026-02-19 17:00:00,-1.8176954
2026-02-19 18:00:00,-0.73856103
2026-02-19 19:00:00,0.53242314
2026-02-19 20:00:00,1.918604
2026-02-19 21:00:00,2.2288537
2026-02-19 22:00:00,1.9534196
2026-02-19 23:00:00,1.1764841
2026-02-20 00:00:00,0.2818159
2026-02-20 01:00:00,-0.42898715
2026-02-20 02:00:00,-1.0198252
2026-02-20 03:00:00,-1.3669521
2026-02-20 04:00:00,-1.6098125
2026-02-20 05:00:00,-1.8255935
2026-02-20 06:00:00,-1.2588699
